n_atom,x,y,z
1,6.705,23.588,9.151
2,3.391,21.752,8.493
3,2.108,19.55,5.646
4,-1.343,19.973,4.044
5,-3.133,17.491,1.691
6,-5.909,18.967,-0.535
7,-8.737,16.371,-0.933
8,-6.416,13.33,-0.5
9,-7.668,10.166,-2.399
10,-5.614,7.035,-1.321
11,-5.71,6.182,2.46
12,-2.393,4.187,2.513
13,-0.567,7.361,1.246
14,-2.152,9.473,4.06
15,-0.985,6.711,6.484
16,2.617,6.974,5.221
17,2.466,10.839,5.376
18,1.289,10.677,9.087
19,4.444,8.603,9.955
20,6.533,10.972,7.804
21,5.14,14.014,9.737
22,6.248,12.401,13.079
23,9.827,11.897,11.698
24,10.269,15.624,10.772
25,8.11,17.246,13.497
26,5.376,18.532,11.077
27,1.623,18.615,11.867
28,-0.716,17.274,9.083
29,-3.704,19.264,7.667
30,-6.359,17.333,5.624
31,-8.615,19.592,3.479
32,-12.043,17.898,2.916
33,-13.563,16.166,1.139
34,-11.329,13.064,1.673
35,-11.562,10.068,-0.751
36,-11.711,7.729,2.337
37,-13.215,7.6,5.901
38,-10.789,8
